Grupos etarios Uso Internet,Años__ESTANDAR,value,grupo_etario_ord,País__ESTANDAR_Argentina,País__ESTANDAR_Bolivia (Estado Plurinacional de),País__ESTANDAR_Brasil,País__ESTANDAR_Chile,País__ESTANDAR_Colombia,País__ESTANDAR_Costa Rica,País__ESTANDAR_Ecuador,País__ESTANDAR_El Salvador,País__ESTANDAR_Honduras,País__ESTANDAR_México,País__ESTANDAR_Panamá,País__ESTANDAR_Paraguay,País__ESTANDAR_Perú,País__ESTANDAR_Uruguay
edad de medicion a 17 años,2016,76,0,1,0,0,0,0,0,0,0,0,0,0,0,0,0
edad de medicion a 17 años,2017,76,0,1,0,0,0,0,0,0,0,0,0,0,0,0,0
edad de medicion a 17 años,2018,79,0,1,0,0,0,0,0,0,0,0,0,0,0,0,0
edad de medicion a 17 años,2019,79,0,1,0,0,0,0,0,0,0,0,0,0,0,0,0
edad de medicion a 17 años,2020,88,0,1,0,0,0,0,0,0,0,0,0,0,0,0,0
edad de medicion a 17 años,2021,87,0,1,0,0,0,0,0,0,0,0,0,0,0,0,0
edad de medicion a 17 años,2022,87,0,1,0,0,0,0,0,0,0,0,0,0,0,0,0
18 a 25 años de edad,2016,86,1,1,0,0,0,0,0,0,0,0,0,0,0,0,0
18 a 25 años de edad,2017,90,1,1,0,0,0,0,0,0,0,0,0,0,0,0,0
18 a 25 años de edad,2018,90,1,1,0,0,0,0,0,0,0,0,0,0,0,0,0
18 a 25 años de edad,2019,92,1,1,0,0,0,0,0,0,0,0,0,0,0,0,0
18 a 25 años de edad,2020,95,1,1,0,0,0,0,0,0,0,0,0,0,0,0,0
18 a 25 años de edad,2021,95,1,1,0,0,0,0,0,0,0,0,0,0,0,0,0
18 a 25 años de edad,2022,97,1,1,0,0,0,0,0,0,0,0,0,0,0,0,0
26 a 50 años de edad,2016,82,2,1,0,0,0,0,0,0,0,0,0,0,0,0,0
26 a 50 años de edad,2017,86,2,1,0,0,0,0,0,0,0,0,0,0,0,0,0
26 a 50 años de edad,2018,88,2,1,0,0,0,0,0,0,0,0,0,0,0,0,0
26 a 50 años de edad,2019,90,2,1,0,0,0,0,0,0,0,0,0,0,0,0,0
26 a 50 años de edad,2020,92,2,1,0,0,0,0,0,0,0,0,0,0,0,0,0
26 a 50 años de edad,2021,94,2,1,0,0,0,0,0,0,0,0,0,0,0,0,0
26 a 50 años de edad,2022,95,2,1,0,0,0,0,0,0,0,0,0,0,0,0,0
51 a 65 años,2016,61,3,1,0,0,0,0,0,0,0,0,0,0,0,0,0
51 a 65 años,2017,68,3,1,0,0,0,0,0,0,0,0,0,0,0,0,0
51 a 65 años,2018,74,3,1,0,0,0,0,0,0,0,0,0,0,0,0,0
51 a 65 años,2019,77,3,1,0,0,0,0,0,0,0,0,0,0,0,0,0
51 a 65 años,2020,81,3,1,0,0,0,0,0,0,0,0,0,0,0,0,0
51 a 65 años,2021,87,3,1,0,0,0,0,0,0,0,0,0,0,0,0,0
51 a 65 años,2022,88,3,1,0,0,0,0,0,0,0,0,0,0,0,0,0
66 años en adelante,2016,29,4,1,0,0,0,0,0,0,0,0,0,0,0,0,0
66 años en adelante,2017,34,4,1,0,0,0,0,0,0,0,0,0,0,0,0,0
66 años en adelante,2018,40,4,1,0,0,0,0,0,0,0,0,0,0,0,0,0
66 años en adelante,2019,46,4,1,0,0,0,0,0,0,0,0,0,0,0,0,0
66 años en adelante,2020,55,4,1,0,0,0,0,0,0,0,0,0,0,0,0,0
66 años en adelante,2021,57,4,1,0,0,0,0,0,0,0,0,0,0,0,0,0
66 años en adelante,2022,63,4,1,0,0,0,0,0,0,0,0,0,0,0,0,0
edad de medicion a 17 años,2009,30,0,0,1,0,0,0,0,0,0,0,0,0,0,0,0
edad de medicion a 17 años,2012,39,0,0,1,0,0,0,0,0,0,0,0,0,0,0,0
edad de medicion a 17 años,2013,39,0,0,1,0,0,0,0,0,0,0,0,0,0,0,0
edad de medicion a 17 años,2014,37,0,0,1,0,0,0,0,0,0,0,0,0,0,0,0
edad de medicion a 17 años,2015,39,0,0,1,0,0,0,0,0,0,0,0,0,0,0,0
edad de medicion a 17 años,2016,34,0,0,1,0,0,0,0,0,0,0,0,0,0,0,0
edad de medicion a 17 años,2017,27,0,0,1,0,0,0,0,0,0,0,0,0,0,0,0
edad de medicion a 17 años,2018,35,0,0,1,0,0,0,0,0,0,0,0,0,0,0,0
edad de medicion a 17 años,2019,33,0,0,1,0,0,0,0,0,0,0,0,0,0,0,0
edad de medicion a 17 años,2020,56,0,0,1,0,0,0,0,0,0,0,0,0,0,0,0
edad de medicion a 17 años,2021,68,0,0,1,0,0,0,0,0,0,0,0,0,0,0,0
18 a 25 años de edad,2009,56,1,0,1,0,0,0,0,0,0,0,0,0,0,0,0
18 a 25 años de edad,2012,62,1,0,1,0,0,0,0,0,0,0,0,0,0,0,0
18 a 25 años de edad,2013,67,1,0,1,0,0,0,0,0,0,0,0,0,0,0,0
18 a 25 años de edad,2014,63,1,0,1,0,0,0,0,0,0,0,0,0,0,0,0
18 a 25 años de edad,2015,68,1,0,1,0,0,0,0,0,0,0,0,0,0,0,0
18 a 25 años de edad,2016,73,1,0,1,0,0,0,0,0,0,0,0,0,0,0,0
18 a 25 años de edad,2017,66,1,0,1,0,0,0,0,0,0,0,0,0,0,0,0
18 a 25 años de edad,2018,78,1,0,1,0,0,0,0,0,0,0,0,0,0,0,0
18 a 25 años de edad,2019,79,1,0,1,0,0,0,0,0,0,0,0,0,0,0,0
18 a 25 años de edad,2020,84,1,0,1,0,0,0,0,0,0,0,0,0,0,0,0
18 a 25 años de edad,2021,86,1,0,1,0,0,0,0,0,0,0,0,0,0,0,0
26 a 50 años de edad,2009,27,2,0,1,0,0,0,0,0,0,0,0,0,0,0,0
26 a 50 años de edad,2012,33,2,0,1,0,0,0,0,0,0,0,0,0,0,0,0
26 a 50 años de edad,2013,37,2,0,1,0,0,0,0,0,0,0,0,0,0,0,0
26 a 50 años de edad,2014,34,2,0,1,0,0,0,0,0,0,0,0,0,0,0,0
26 a 50 años de edad,2015,38,2,0,1,0,0,0,0,0,0,0,0,0,0,0,0
26 a 50 años de edad,2016,45,2,0,1,0,0,0,0,0,0,0,0,0,0,0,0
26 a 50 años de edad,2017,45,2,0,1,0,0,0,0,0,0,0,0,0,0,0,0
26 a 50 años de edad,2018,55,2,0,1,0,0,0,0,0,0,0,0,0,0,0,0
26 a 50 años de edad,2019,60,2,0,1,0,0,0,0,0,0,0,0,0,0,0,0
26 a 50 años de edad,2020,73,2,0,1,0,0,0,0,0,0,0,0,0,0,0,0
26 a 50 años de edad,2021,73,2,0,1,0,0,0,0,0,0,0,0,0,0,0,0
51 a 65 años,2009,11,3,0,1,0,0,0,0,0,0,0,0,0,0,0,0
51 a 65 años,2012,15,3,0,1,0,0,0,0,0,0,0,0,0,0,0,0
51 a 65 años,2013,18,3,0,1,0,0,0,0,0,0,0,0,0,0,0,0
51 a 65 años,2014,13,3,0,1,0,0,0,0,0,0,0,0,0,0,0,0
51 a 65 años,2015,14,3,0,1,0,0,0,0,0,0,0,0,0,0,0,0
51 a 65 años,2016,18,3,0,1,0,0,0,0,0,0,0,0,0,0,0,0
51 a 65 años,2017,17,3,0,1,0,0,0,0,0,0,0,0,0,0,0,0
51 a 65 años,2018,23,3,0,1,0,0,0,0,0,0,0,0,0,0,0,0
51 a 65 años,2019,30,3,0,1,0,0,0,0,0,0,0,0,0,0,0,0
51 a 65 años,2020,40,3,0,1,0,0,0,0,0,0,0,0,0,0,0,0
51 a 65 años,2021,45,3,0,1,0,0,0,0,0,0,0,0,0,0,0,0
66 años en adelante,2009,3,4,0,1,0,0,0,0,0,0,0,0,0,0,0,0
66 años en adelante,2012,4,4,0,1,0,0,0,0,0,0,0,0,0,0,0,0
66 años en adelante,2013,5,4,0,1,0,0,0,0,0,0,0,0,0,0,0,0
66 años en adelante,2014,4,4,0,1,0,0,0,0,0,0,0,0,0,0,0,0
66 años en adelante,2015,5,4,0,1,0,0,0,0,0,0,0,0,0,0,0,0
66 años en adelante,2016,5,4,0,1,0,0,0,0,0,0,0,0,0,0,0,0
66 años en adelante,2017,5,4,0,1,0,0,0,0,0,0,0,0,0,0,0,0
66 años en adelante,2018,8,4,0,1,0,0,0,0,0,0,0,0,0,0,0,0
66 años en adelante,2019,12,4,0,1,0,0,0,0,0,0,0,0,0,0,0,0
66 años en adelante,2020,17,4,0,1,0,0,0,0,0,0,0,0,0,0,0,0
66 años en adelante,2021,21,4,0,1,0,0,0,0,0,0,0,0,0,0,0,0
edad de medicion a 17 años,2005,28,0,0,0,1,0,0,0,0,0,0,0,0,0,0,0
edad de medicion a 17 años,2008,55,0,0,0,1,0,0,0,0,0,0,0,0,0,0,0
edad de medicion a 17 años,2009,63,0,0,0,1,0,0,0,0,0,0,0,0,0,0,0
edad de medicion a 17 años,2011,68,0,0,0,1,0,0,0,0,0,0,0,0,0,0,0
edad de medicion a 17 años,2012,71,0,0,0,1,0,0,0,0,0,0,0,0,0,0,0
edad de medicion a 17 años,2013,69,0,0,0,1,0,0,0,0,0,0,0,0,0,0,0
edad de medicion a 17 años,2014,74,0,0,0,1,0,0,0,0,0,0,0,0,0,0,0
edad de medicion a 17 años,2015,74,0,0,0,1,0,0,0,0,0,0,0,0,0,0,0
18 a 25 años de edad,2005,31,1,0,0,1,0,0,0,0,0,0,0,0,0,0,0
18 a 25 años de edad,2008,54,1,0,0,1,0,0,0,0,0,0,0,0,0,0,0
18 a 25 años de edad,2009,63,1,0,0,1,0,0,0,0,0,0,0,0,0,0,0
18 a 25 años de edad,2011,67,1,0,0,1,0,0,0,0,0,0,0,0,0,0,0
18 a 25 años de edad,2012,70,1,0,0,1,0,0,0,0,0,0,0,0,0,0,0
18 a 25 años de edad,2013,71,1,0,0,1,0,0,0,0,0,0,0,0,0,0,0
18 a 25 años de edad,2014,79,1,0,0,1,0,0,0,0,0,0,0,0,0,0,0
18 a 25 años de edad,2015,81,1,0,0,1,0,0,0,0,0,0,0,0,0,0,0
26 a 50 años de edad,2005,21,2,0,0,1,0,0,0,0,0,0,0,0,0,0,0
26 a 50 años de edad,2008,32,2,0,0,1,0,0,0,0,0,0,0,0,0,0,0
26 a 50 años de edad,2009,40,2,0,0,1,0,0,0,0,0,0,0,0,0,0,0
26 a 50 años de edad,2011,48,2,0,0,1,0,0,0,0,0,0,0,0,0,0,0
26 a 50 años de edad,2012,51,2,0,0,1,0,0,0,0,0,0,0,0,0,0,0
26 a 50 años de edad,2013,53,2,0,0,1,0,0,0,0,0,0,0,0,0,0,0
26 a 50 años de edad,2014,59,2,0,0,1,0,0,0,0,0,0,0,0,0,0,0
26 a 50 años de edad,2015,64,2,0,0,1,0,0,0,0,0,0,0,0,0,0,0
51 a 65 años,2005,10,3,0,0,1,0,0,0,0,0,0,0,0,0,0,0
51 a 65 años,2008,15,3,0,0,1,0,0,0,0,0,0,0,0,0,0,0
51 a 65 años,2009,20,3,0,0,1,0,0,0,0,0,0,0,0,0,0,0
51 a 65 años,2011,23,3,0,0,1,0,0,0,0,0,0,0,0,0,0,0
51 a 65 años,2012,26,3,0,0,1,0,0,0,0,0,0,0,0,0,0,0
51 a 65 años,2013,26,3,0,0,1,0,0,0,0,0,0,0,0,0,0,0
51 a 65 años,2014,31,3,0,0,1,0,0,0,0,0,0,0,0,0,0,0
51 a 65 años,2015,35,3,0,0,1,0,0,0,0,0,0,0,0,0,0,0
66 años en adelante,2005,2,4,0,0,1,0,0,0,0,0,0,0,0,0,0,0
66 años en adelante,2008,4,4,0,0,1,0,0,0,0,0,0,0,0,0,0,0
66 años en adelante,2009,5,4,0,0,1,0,0,0,0,0,0,0,0,0,0,0
66 años en adelante,2011,7,4,0,0,1,0,0,0,0,0,0,0,0,0,0,0
66 años en adelante,2012,8,4,0,0,1,0,0,0,0,0,0,0,0,0,0,0
66 años en adelante,2013,9,4,0,0,1,0,0,0,0,0,0,0,0,0,0,0
66 años en adelante,2014,10,4,0,0,1,0,0,0,0,0,0,0,0,0,0,0
66 años en adelante,2015,12,4,0,0,1,0,0,0,0,0,0,0,0,0,0,0
edad de medicion a 17 años,2000,30,0,0,0,0,1,0,0,0,0,0,0,0,0,0,0
edad de medicion a 17 años,2003,44,0,0,0,0,1,0,0,0,0,0,0,0,0,0,0
edad de medicion a 17 años,2006,61,0,0,0,0,1,0,0,0,0,0,0,0,0,0,0
edad de medicion a 17 años,2009,61,0,0,0,0,1,0,0,0,0,0,0,0,0,0,0
edad de medicion a 17 años,2011,77,0,0,0,0,1,0,0,0,0,0,0,0,0,0,0
edad de medicion a 17 años,2013,81,0,0,0,0,1,0,0,0,0,0,0,0,0,0,0
edad de medicion a 17 años,2015,83,0,0,0,0,1,0,0,0,0,0,0,0,0,0,0
edad de medicion a 17 años,2017,84,0,0,0,0,1,0,0,0,0,0,0,0,0,0,0
18 a 25 años de edad,2000,26,1,0,0,0,1,0,0,0,0,0,0,0,0,0,0
18 a 25 años de edad,2003,40,1,0,0,0,1,0,0,0,0,0,0,0,0,0,0
18 a 25 años de edad,2006,58,1,0,0,0,1,0,0,0,0,0,0,0,0,0,0
18 a 25 años de edad,2009,67,1,0,0,0,1,0,0,0,0,0,0,0,0,0,0
18 a 25 años de edad,2011,78,1,0,0,0,1,0,0,0,0,0,0,0,0,0,0
18 a 25 años de edad,2013,85,1,0,0,0,1,0,0,0,0,0,0,0,0,0,0
18 a 25 años de edad,2015,92,1,0,0,0,1,0,0,0,0,0,0,0,0,0,0
18 a 25 años de edad,2017,94,1,0,0,0,1,0,0,0,0,0,0,0,0,0,0
26 a 50 años de edad,2000,15,2,0,0,0,1,0,0,0,0,0,0,0,0,0,0
26 a 50 años de edad,2003,22,2,0,0,0,1,0,0,0,0,0,0,0,0,0,0
26 a 50 años de edad,2006,30,2,0,0,0,1,0,0,0,0,0,0,0,0,0,0
26 a 50 años de edad,2009,40,2,0,0,0,1,0,0,0,0,0,0,0,0,0,0
26 a 50 años de edad,2011,53,2,0,0,0,1,0,0,0,0,0,0,0,0,0,0
26 a 50 años de edad,2013,64,2,0,0,0,1,0,0,0,0,0,0,0,0,0,0
26 a 50 años de edad,2015,77,2,0,0,0,1,0,0,0,0,0,0,0,0,0,0
26 a 50 años de edad,2017,86,2,0,0,0,1,0,0,0,0,0,0,0,0,0,0
51 a 65 años,2000,8,3,0,0,0,1,0,0,0,0,0,0,0,0,0,0
51 a 65 años,2003,13,3,0,0,0,1,0,0,0,0,0,0,0,0,0,0
51 a 65 años,2006,14,3,0,0,0,1,0,0,0,0,0,0,0,0,0,0
51 a 65 años,2009,22,3,0,0,0,1,0,0,0,0,0,0,0,0,0,0
51 a 65 años,2011,26,3,0,0,0,1,0,0,0,0,0,0,0,0,0,0
51 a 65 años,2013,32,3,0,0,0,1,0,0,0,0,0,0,0,0,0,0
51 a 65 años,2015,44,3,0,0,0,1,0,0,0,0,0,0,0,0,0,0
51 a 65 años,2017,58,3,0,0,0,1,0,0,0,0,0,0,0,0,0,0
66 años en adelante,2000,2,4,0,0,0,1,0,0,0,0,0,0,0,0,0,0
66 años en adelante,2003,3,4,0,0,0,1,0,0,0,0,0,0,0,0,0,0
66 años en adelante,2006,3,4,0,0,0,1,0,0,0,0,0,0,0,0,0,0
66 años en adelante,2009,6,4,0,0,0,1,0,0,0,0,0,0,0,0,0,0
66 años en adelante,2011,8,4,0,0,0,1,0,0,0,0,0,0,0,0,0,0
66 años en adelante,2013,10,4,0,0,0,1,0,0,0,0,0,0,0,0,0,0
66 años en adelante,2015,16,4,0,0,0,1,0,0,0,0,0,0,0,0,0,0
66 años en adelante,2017,23,4,0,0,0,1,0,0,0,0,0,0,0,0,0,0
edad de medicion a 17 años,2012,67,0,0,0,0,0,1,0,0,0,0,0,0,0,0,0
edad de medicion a 17 años,2013,70,0,0,0,0,0,1,0,0,0,0,0,0,0,0,0
edad de medicion a 17 años,2014,71,0,0,0,0,0,1,0,0,0,0,0,0,0,0,0
edad de medicion a 17 años,2015,71,0,0,0,0,0,1,0,0,0,0,0,0,0,0,0
edad de medicion a 17 años,2016,69,0,0,0,0,0,1,0,0,0,0,0,0,0,0,0
edad de medicion a 17 años,2018,66,0,0,0,0,0,1,0,0,0,0,0,0,0,0,0
edad de medicion a 17 años,2019,67,0,0,0,0,0,1,0,0,0,0,0,0,0,0,0
edad de medicion a 17 años,2020,74,0,0,0,0,0,1,0,0,0,0,0,0,0,0,0
edad de medicion a 17 años,2021,78,0,0,0,0,0,1,0,0,0,0,0,0,0,0,0
edad de medicion a 17 años,2022,72,0,0,0,0,0,1,0,0,0,0,0,0,0,0,0
18 a 25 años de edad,2012,70,1,0,0,0,0,1,0,0,0,0,0,0,0,0,0
18 a 25 años de edad,2013,74,1,0,0,0,0,1,0,0,0,0,0,0,0,0,0
18 a 25 años de edad,2014,73,1,0,0,0,0,1,0,0,0,0,0,0,0,0,0
18 a 25 años de edad,2015,77,1,0,0,0,0,1,0,0,0,0,0,0,0,0,0
18 a 25 años de edad,2016,80,1,0,0,0,0,1,0,0,0,0,0,0,0,0,0
18 a 25 años de edad,2018,83,1,0,0,0,0,1,0,0,0,0,0,0,0,0,0
18 a 25 años de edad,2019,83,1,0,0,0,0,1,0,0,0,0,0,0,0,0,0
18 a 25 años de edad,2020,84,1,0,0,0,0,1,0,0,0,0,0,0,0,0,0
18 a 25 años de edad,2021,87,1,0,0,0,0,1,0,0,0,0,0,0,0,0,0
18 a 25 años de edad,2022,88,1,0,0,0,0,1,0,0,0,0,0,0,0,0,0
26 a 50 años de edad,2012,46,2,0,0,0,0,1,0,0,0,0,0,0,0,0,0
26 a 50 años de edad,2013,49,2,0,0,0,0,1,0,0,0,0,0,0,0,0,0
26 a 50 años de edad,2014,51,2,0,0,0,0,1,0,0,0,0,0,0,0,0,0
26 a 50 años de edad,2015,57,2,0,0,0,0,1,0,0,0,0,0,0,0,0,0
26 a 50 años de edad,2016,62,2,0,0,0,0,1,0,0,0,0,0,0,0,0,0
26 a 50 años de edad,2018,71,2,0,0,0,0,1,0,0,0,0,0,0,0,0,0
26 a 50 años de edad,2019,74,2,0,0,0,0,1,0,0,0,0,0,0,0,0,0
26 a 50 años de edad,2020,78,2,0,0,0,0,1,0,0,0,0,0,0,0,0,0
26 a 50 años de edad,2021,81,2,0,0,0,0,1,0,0,0,0,0,0,0,0,0
26 a 50 años de edad,2022,83,2,0,0,0,0,1,0,0,0,0,0,0,0,0,0
51 a 65 años,2012,20,3,0,0,0,0,1,0,0,0,0,0,0,0,0,0
51 a 65 años,2013,24,3,0,0,0,0,1,0,0,0,0,0,0,0,0,0
51 a 65 años,2014,24,3,0,0,0,0,1,0,0,0,0,0,0,0,0,0
51 a 65 años,2015,29,3,0,0,0,0,1,0,0,0,0,0,0,0,0,0
51 a 65 años,2016,34,3,0,0,0,0,1,0,0,0,0,0,0,0,0,0
51 a 65 años,2018,48,3,0,0,0,0,1,0,0,0,0,0,0,0,0,0
51 a 65 años,2019,50,3,0,0,0,0,1,0,0,0,0,0,0,0,0,0
51 a 65 años,2020,57,3,0,0,0,0,1,0,0,0,0,0,0,0,0,0
51 a 65 años,2021,61,3,0,0,0,0,1,0,0,0,0,0,0,0,0,0
51 a 65 años,2022,62,3,0,0,0,0,1,0,0,0,0,0,0,0,0,0
66 años en adelante,2012,5,4,0,0,0,0,1,0,0,0,0,0,0,0,0,0
66 años en adelante,2013,5,4,0,0,0,0,1,0,0,0,0,0,0,0,0,0
66 años en adelante,2014,7,4,0,0,0,0,1,0,0,0,0,0,0,0,0,0
66 años en adelante,2015,9,4,0,0,0,0,1,0,0,0,0,0,0,0,0,0
66 años en adelante,2016,10,4,0,0,0,0,1,0,0,0,0,0,0,0,0,0
66 años en adelante,2018,21,4,0,0,0,0,1,0,0,0,0,0,0,0,0,0
66 años en adelante,2019,22,4,0,0,0,0,1,0,0,0,0,0,0,0,0,0
66 años en adelante,2020,29,4,0,0,0,0,1,0,0,0,0,0,0,0,0,0
66 años en adelante,2021,32,4,0,0,0,0,1,0,0,0,0,0,0,0,0,0
66 años en adelante,2022,33,4,0,0,0,0,1,0,0,0,0,0,0,0,0,0
edad de medicion a 17 años,2012,54,0,0,0,0,0,0,1,0,0,0,0,0,0,0,0
edad de medicion a 17 años,2015,62,0,0,0,0,0,0,1,0,0,0,0,0,0,0,0
edad de medicion a 17 años,2016,67,0,0,0,0,0,0,1,0,0,0,0,0,0,0,0
edad de medicion a 17 años,2017,72,0,0,0,0,0,0,1,0,0,0,0,0,0,0,0
edad de medicion a 17 años,2018,71,0,0,0,0,0,0,1,0,0,0,0,0,0,0,0
edad de medicion a 17 años,2019,78,0,0,0,0,0,0,1,0,0,0,0,0,0,0,0
edad de medicion a 17 años,2020,80,0,0,0,0,0,0,1,0,0,0,0,0,0,0,0
edad de medicion a 17 años,2021,82,0,0,0,0,0,0,1,0,0,0,0,0,0,0,0
edad de medicion a 17 años,2022,78,0,0,0,0,0,0,1,0,0,0,0,0,0,0,0
18 a 25 años de edad,2012,70,1,0,0,0,0,0,1,0,0,0,0,0,0,0,0
18 a 25 años de edad,2015,82,1,0,0,0,0,0,1,0,0,0,0,0,0,0,0
18 a 25 años de edad,2016,86,1,0,0,0,0,0,1,0,0,0,0,0,0,0,0
18 a 25 años de edad,2017,91,1,0,0,0,0,0,1,0,0,0,0,0,0,0,0
18 a 25 años de edad,2018,91,1,0,0,0,0,0,1,0,0,0,0,0,0,0,0
18 a 25 años de edad,2019,96,1,0,0,0,0,0,1,0,0,0,0,0,0,0,0
18 a 25 años de edad,2020,94,1,0,0,0,0,0,1,0,0,0,0,0,0,0,0
18 a 25 años de edad,2021,95,1,0,0,0,0,0,1,0,0,0,0,0,0,0,0
18 a 25 años de edad,2022,94,1,0,0,0,0,0,1,0,0,0,0,0,0,0,0
26 a 50 años de edad,2012,51,2,0,0,0,0,0,1,0,0,0,0,0,0,0,0
26 a 50 años de edad,2015,69,2,0,0,0,0,0,1,0,0,0,0,0,0,0,0
26 a 50 años de edad,2016,77,2,0,0,0,0,0,1,0,0,0,0,0,0,0,0
26 a 50 años de edad,2017,83,2,0,0,0,0,0,1,0,0,0,0,0,0,0,0
26 a 50 años de edad,2018,86,2,0,0,0,0,0,1,0,0,0,0,0,0,0,0
26 a 50 años de edad,2019,94,2,0,0,0,0,0,1,0,0,0,0,0,0,0,0
26 a 50 años de edad,2020,91,2,0,0,0,0,0,1,0,0,0,0,0,0,0,0
26 a 50 años de edad,2021,92,2,0,0,0,0,0,1,0,0,0,0,0,0,0,0
26 a 50 años de edad,2022,92,2,0,0,0,0,0,1,0,0,0,0,0,0,0,0
51 a 65 años,2012,26,3,0,0,0,0,0,1,0,0,0,0,0,0,0,0
51 a 65 años,2015,40,3,0,0,0,0,0,1,0,0,0,0,0,0,0,0
51 a 65 años,2016,50,3,0,0,0,0,0,1,0,0,0,0,0,0,0,0
51 a 65 años,2017,59,3,0,0,0,0,0,1,0,0,0,0,0,0,0,0
51 a 65 años,2018,64,3,0,0,0,0,0,1,0,0,0,0,0,0,0,0
51 a 65 años,2019,76,3,0,0,0,0,0,1,0,0,0,0,0,0,0,0
51 a 65 años,2020,76,3,0,0,0,0,0,1,0,0,0,0,0,0,0,0
51 a 65 años,2021,80,3,0,0,0,0,0,1,0,0,0,0,0,0,0,0
51 a 65 años,2022,83,3,0,0,0,0,0,1,0,0,0,0,0,0,0,0
66 años en adelante,2012,9,4,0,0,0,0,0,1,0,0,0,0,0,0,0,0
66 años en adelante,2015,14,4,0,0,0,0,0,1,0,0,0,0,0,0,0,0
66 años en adelante,2016,18,4,0,0,0,0,0,1,0,0,0,0,0,0,0,0
66 años en adelante,2017,24,4,0,0,0,0,0,1,0,0,0,0,0,0,0,0
66 años en adelante,2018,27,4,0,0,0,0,0,1,0,0,0,0,0,0,0,0
66 años en adelante,2019,37,4,0,0,0,0,0,1,0,0,0,0,0,0,0,0
66 años en adelante,2020,39,4,0,0,0,0,0,1,0,0,0,0,0,0,0,0
66 años en adelante,2021,46,4,0,0,0,0,0,1,0,0,0,0,0,0,0,0
66 años en adelante,2022,51,4,0,0,0,0,0,1,0,0,0,0,0,0,0,0
edad de medicion a 17 años,2009,29,0,0,0,0,0,0,0,1,0,0,0,0,0,0,0
edad de medicion a 17 años,2010,38,0,0,0,0,0,0,0,1,0,0,0,0,0,0,0
edad de medicion a 17 años,2013,54,0,0,0,0,0,0,0,1,0,0,0,0,0,0,0
edad de medicion a 17 años,2015,61,0,0,0,0,0,0,0,1,0,0,0,0,0,0,0
edad de medicion a 17 años,2016,66,0,0,0,0,0,0,0,1,0,0,0,0,0,0,0
edad de medicion a 17 años,2017,65,0,0,0,0,0,0,0,1,0,0,0,0,0,0,0
edad de medicion a 17 años,2018,54,0,0,0,0,0,0,0,1,0,0,0,0,0,0,0
edad de medicion a 17 años,2019,54,0,0,0,0,0,0,0,1,0,0,0,0,0,0,0
18 a 25 años de edad,2009,45,1,0,0,0,0,0,0,1,0,0,0,0,0,0,0
18 a 25 años de edad,2010,51,1,0,0,0,0,0,0,1,0,0,0,0,0,0,0
18 a 25 años de edad,2013,63,1,0,0,0,0,0,0,1,0,0,0,0,0,0,0
18 a 25 años de edad,2015,75,1,0,0,0,0,0,0,1,0,0,0,0,0,0,0
18 a 25 años de edad,2016,80,1,0,0,0,0,0,0,1,0,0,0,0,0,0,0
18 a 25 años de edad,2017,83,1,0,0,0,0,0,0,1,0,0,0,0,0,0,0
18 a 25 años de edad,2018,82,1,0,0,0,0,0,0,1,0,0,0,0,0,0,0
18 a 25 años de edad,2019,85,1,0,0,0,0,0,0,1,0,0,0,0,0,0,0
26 a 50 años de edad,2009,22,2,0,0,0,0,0,0,1,0,0,0,0,0,0,0
26 a 50 años de edad,2010,25,2,0,0,0,0,0,0,1,0,0,0,0,0,0,0
26 a 50 años de edad,2013,37,2,0,0,0,0,0,0,1,0,0,0,0,0,0,0
26 a 50 años de edad,2015,50,2,0,0,0,0,0,0,1,0,0,0,0,0,0,0
26 a 50 años de edad,2016,57,2,0,0,0,0,0,0,1,0,0,0,0,0,0,0
26 a 50 años de edad,2017,63,2,0,0,0,0,0,0,1,0,0,0,0,0,0,0
26 a 50 años de edad,2018,68,2,0,0,0,0,0,0,1,0,0,0,0,0,0,0
26 a 50 años de edad,2019,73,2,0,0,0,0,0,0,1,0,0,0,0,0,0,0
51 a 65 años,2009,12,3,0,0,0,0,0,0,1,0,0,0,0,0,0,0
51 a 65 años,2010,13,3,0,0,0,0,0,0,1,0,0,0,0,0,0,0
51 a 65 años,2013,18,3,0,0,0,0,0,0,1,0,0,0,0,0,0,0
51 a 65 años,2015,22,3,0,0,0,0,0,0,1,0,0,0,0,0,0,0
51 a 65 años,2016,27,3,0,0,0,0,0,0,1,0,0,0,0,0,0,0
51 a 65 años,2017,30,3,0,0,0,0,0,0,1,0,0,0,0,0,0,0
51 a 65 años,2018,39,3,0,0,0,0,0,0,1,0,0,0,0,0,0,0
51 a 65 años,2019,46,3,0,0,0,0,0,0,1,0,0,0,0,0,0,0
66 años en adelante,2009,1,4,0,0,0,0,0,0,1,0,0,0,0,0,0,0
66 años en adelante,2010,3,4,0,0,0,0,0,0,1,0,0,0,0,0,0,0
66 años en adelante,2013,4,4,0,0,0,0,0,0,1,0,0,0,0,0,0,0
66 años en adelante,2015,5,4,0,0,0,0,0,0,1,0,0,0,0,0,0,0
66 años en adelante,2016,7,4,0,0,0,0,0,0,1,0,0,0,0,0,0,0
66 años en adelante,2017,7,4,0,0,0,0,0,0,1,0,0,0,0,0,0,0
66 años en adelante,2018,14,4,0,0,0,0,0,0,1,0,0,0,0,0,0,0
66 años en adelante,2019,16,4,0,0,0,0,0,0,1,0,0,0,0,0,0,0
edad de medicion a 17 años,2006,6,0,0,0,0,0,0,0,0,1,0,0,0,0,0,0
edad de medicion a 17 años,2007,9,0,0,0,0,0,0,0,0,1,0,0,0,0,0,0
edad de medicion a 17 años,2009,18,0,0,0,0,0,0,0,0,1,0,0,0,0,0,0
edad de medicion a 17 años,2010,23,0,0,0,0,0,0,0,0,1,0,0,0,0,0,0
edad de medicion a 17 años,2012,32,0,0,0,0,0,0,0,0,1,0,0,0,0,0,0
edad de medicion a 17 años,2013,37,0,0,0,0,0,0,0,0,1,0,0,0,0,0,0
edad de medicion a 17 años,2014,39,0,0,0,0,0,0,0,0,1,0,0,0,0,0,0
edad de medicion a 17 años,2015,41,0,0,0,0,0,0,0,0,1,0,0,0,0,0,0
edad de medicion a 17 años,2016,41,0,0,0,0,0,0,0,0,1,0,0,0,0,0,0
edad de medicion a 17 años,2017,45,0,0,0,0,0,0,0,0,1,0,0,0,0,0,0
edad de medicion a 17 años,2018,48,0,0,0,0,0,0,0,0,1,0,0,0,0,0,0
edad de medicion a 17 años,2019,58,0,0,0,0,0,0,0,0,1,0,0,0,0,0,0
18 a 25 años de edad,2006,9,1,0,0,0,0,0,0,0,1,0,0,0,0,0,0
18 a 25 años de edad,2007,12,1,0,0,0,0,0,0,0,1,0,0,0,0,0,0
18 a 25 años de edad,2009,20,1,0,0,0,0,0,0,0,1,0,0,0,0,0,0
18 a 25 años de edad,2010,27,1,0,0,0,0,0,0,0,1,0,0,0,0,0,0
18 a 25 años de edad,2012,33,1,0,0,0,0,0,0,0,1,0,0,0,0,0,0
18 a 25 años de edad,2013,36,1,0,0,0,0,0,0,0,1,0,0,0,0,0,0
18 a 25 años de edad,2014,39,1,0,0,0,0,0,0,0,1,0,0,0,0,0,0
18 a 25 años de edad,2015,43,1,0,0,0,0,0,0,0,1,0,0,0,0,0,0
18 a 25 años de edad,2016,45,1,0,0,0,0,0,0,0,1,0,0,0,0,0,0
18 a 25 años de edad,2017,55,1,0,0,0,0,0,0,0,1,0,0,0,0,0,0
18 a 25 años de edad,2018,63,1,0,0,0,0,0,0,0,1,0,0,0,0,0,0
18 a 25 años de edad,2019,73,1,0,0,0,0,0,0,0,1,0,0,0,0,0,0
26 a 50 años de edad,2006,4,2,0,0,0,0,0,0,0,1,0,0,0,0,0,0
26 a 50 años de edad,2007,5,2,0,0,0,0,0,0,0,1,0,0,0,0,0,0
26 a 50 años de edad,2009,9,2,0,0,0,0,0,0,0,1,0,0,0,0,0,0
26 a 50 años de edad,2010,13,2,0,0,0,0,0,0,0,1,0,0,0,0,0,0
26 a 50 años de edad,2012,16,2,0,0,0,0,0,0,0,1,0,0,0,0,0,0
26 a 50 años de edad,2013,19,2,0,0,0,0,0,0,0,1,0,0,0,0,0,0
26 a 50 años de edad,2014,21,2,0,0,0,0,0,0,0,1,0,0,0,0,0,0
26 a 50 años de edad,2015,23,2,0,0,0,0,0,0,0,1,0,0,0,0,0,0
26 a 50 años de edad,2016,26,2,0,0,0,0,0,0,0,1,0,0,0,0,0,0
26 a 50 años de edad,2017,34,2,0,0,0,0,0,0,0,1,0,0,0,0,0,0
26 a 50 años de edad,2018,44,2,0,0,0,0,0,0,0,1,0,0,0,0,0,0
26 a 50 años de edad,2019,56,2,0,0,0,0,0,0,0,1,0,0,0,0,0,0
51 a 65 años,2006,2,3,0,0,0,0,0,0,0,1,0,0,0,0,0,0
51 a 65 años,2007,2,3,0,0,0,0,0,0,0,1,0,0,0,0,0,0
51 a 65 años,2009,5,3,0,0,0,0,0,0,0,1,0,0,0,0,0,0
51 a 65 años,2010,6,3,0,0,0,0,0,0,0,1,0,0,0,0,0,0
51 a 65 años,2012,8,3,0,0,0,0,0,0,0,1,0,0,0,0,0,0
51 a 65 años,2013,9,3,0,0,0,0,0,0,0,1,0,0,0,0,0,0
51 a 65 años,2014,9,3,0,0,0,0,0,0,0,1,0,0,0,0,0,0
51 a 65 años,2015,11,3,0,0,0,0,0,0,0,1,0,0,0,0,0,0
51 a 65 años,2016,12,3,0,0,0,0,0,0,0,1,0,0,0,0,0,0
51 a 65 años,2017,15,3,0,0,0,0,0,0,0,1,0,0,0,0,0,0
51 a 65 años,2018,22,3,0,0,0,0,0,0,0,1,0,0,0,0,0,0
51 a 65 años,2019,31,3,0,0,0,0,0,0,0,1,0,0,0,0,0,0
66 años en adelante,2006,1,4,0,0,0,0,0,0,0,1,0,0,0,0,0,0
66 años en adelante,2007,0,4,0,0,0,0,0,0,0,1,0,0,0,0,0,0
66 años en adelante,2009,1,4,0,0,0,0,0,0,0,1,0,0,0,0,0,0
66 años en adelante,2010,2,4,0,0,0,0,0,0,0,1,0,0,0,0,0,0
66 años en adelante,2012,2,4,0,0,0,0,0,0,0,1,0,0,0,0,0,0
66 años en adelante,2013,3,4,0,0,0,0,0,0,0,1,0,0,0,0,0,0
66 años en adelante,2014,4,4,0,0,0,0,0,0,0,1,0,0,0,0,0,0
66 años en adelante,2015,5,4,0,0,0,0,0,0,0,1,0,0,0,0,0,0
66 años en adelante,2016,3,4,0,0,0,0,0,0,0,1,0,0,0,0,0,0
66 años en adelante,2017,4,4,0,0,0,0,0,0,0,1,0,0,0,0,0,0
66 años en adelante,2018,8,4,0,0,0,0,0,0,0,1,0,0,0,0,0,0
66 años en adelante,2019,13,4,0,0,0,0,0,0,0,1,0,0,0,0,0,0
edad de medicion a 17 años,2004,4,0,0,0,0,0,0,0,0,0,1,0,0,0,0,0
edad de medicion a 17 años,2005,5,0,0,0,0,0,0,0,0,0,1,0,0,0,0,0
edad de medicion a 17 años,2009,8,0,0,0,0,0,0,0,0,0,1,0,0,0,0,0
edad de medicion a 17 años,2010,10,0,0,0,0,0,0,0,0,0,1,0,0,0,0,0
edad de medicion a 17 años,2011,14,0,0,0,0,0,0,0,0,0,1,0,0,0,0,0
edad de medicion a 17 años,2012,15,0,0,0,0,0,0,0,0,0,1,0,0,0,0,0
edad de medicion a 17 años,2013,16,0,0,0,0,0,0,0,0,0,1,0,0,0,0,0
edad de medicion a 17 años,2014,22,0,0,0,0,0,0,0,0,0,1,0,0,0,0,0
edad de medicion a 17 años,2015,25,0,0,0,0,0,0,0,0,0,1,0,0,0,0,0
edad de medicion a 17 años,2016,24,0,0,0,0,0,0,0,0,0,1,0,0,0,0,0
edad de medicion a 17 años,2018,28,0,0,0,0,0,0,0,0,0,1,0,0,0,0,0
edad de medicion a 17 años,2019,27,0,0,0,0,0,0,0,0,0,1,0,0,0,0,0
18 a 25 años de edad,2004,11,1,0,0,0,0,0,0,0,0,1,0,0,0,0,0
18 a 25 años de edad,2005,12,1,0,0,0,0,0,0,0,0,1,0,0,0,0,0
18 a 25 años de edad,2009,19,1,0,0,0,0,0,0,0,0,1,0,0,0,0,0
18 a 25 años de edad,2010,23,1,0,0,0,0,0,0,0,0,1,0,0,0,0,0
18 a 25 años de edad,2011,28,1,0,0,0,0,0,0,0,0,1,0,0,0,0,0
18 a 25 años de edad,2012,29,1,0,0,0,0,0,0,0,0,1,0,0,0,0,0
18 a 25 años de edad,2013,35,1,0,0,0,0,0,0,0,0,1,0,0,0,0,0
18 a 25 años de edad,2014,38,1,0,0,0,0,0,0,0,0,1,0,0,0,0,0
18 a 25 años de edad,2015,47,1,0,0,0,0,0,0,0,0,1,0,0,0,0,0
18 a 25 años de edad,2016,51,1,0,0,0,0,0,0,0,0,1,0,0,0,0,0
18 a 25 años de edad,2018,60,1,0,0,0,0,0,0,0,0,1,0,0,0,0,0
18 a 25 años de edad,2019,62,1,0,0,0,0,0,0,0,0,1,0,0,0,0,0
26 a 50 años de edad,2004,6,2,0,0,0,0,0,0,0,0,1,0,0,0,0,0
26 a 50 años de edad,2005,7,2,0,0,0,0,0,0,0,0,1,0,0,0,0,0
26 a 50 años de edad,2009,10,2,0,0,0,0,0,0,0,0,1,0,0,0,0,0
26 a 50 años de edad,2010,12,2,0,0,0,0,0,0,0,0,1,0,0,0,0,0
26 a 50 años de edad,2011,15,2,0,0,0,0,0,0,0,0,1,0,0,0,0,0
26 a 50 años de edad,2012,14,2,0,0,0,0,0,0,0,0,1,0,0,0,0,0
26 a 50 años de edad,2013,18,2,0,0,0,0,0,0,0,0,1,0,0,0,0,0
26 a 50 años de edad,2014,24,2,0,0,0,0,0,0,0,0,1,0,0,0,0,0
26 a 50 años de edad,2015,29,2,0,0,0,0,0,0,0,0,1,0,0,0,0,0
26 a 50 años de edad,2016,33,2,0,0,0,0,0,0,0,0,1,0,0,0,0,0
26 a 50 años de edad,2018,43,2,0,0,0,0,0,0,0,0,1,0,0,0,0,0
26 a 50 años de edad,2019,51,2,0,0,0,0,0,0,0,0,1,0,0,0,0,0
51 a 65 años,2004,3,3,0,0,0,0,0,0,0,0,1,0,0,0,0,0
51 a 65 años,2005,3,3,0,0,0,0,0,0,0,0,1,0,0,0,0,0
51 a 65 años,2009,4,3,0,0,0,0,0,0,0,0,1,0,0,0,0,0
51 a 65 años,2010,5,3,0,0,0,0,0,0,0,0,1,0,0,0,0,0
51 a 65 años,2011,7,3,0,0,0,0,0,0,0,0,1,0,0,0,0,0
51 a 65 años,2012,6,3,0,0,0,0,0,0,0,0,1,0,0,0,0,0
51 a 65 años,2013,7,3,0,0,0,0,0,0,0,0,1,0,0,0,0,0
51 a 65 años,2014,10,3,0,0,0,0,0,0,0,0,1,0,0,0,0,0
51 a 65 años,2015,11,3,0,0,0,0,0,0,0,0,1,0,0,0,0,0
51 a 65 años,2016,14,3,0,0,0,0,0,0,0,0,1,0,0,0,0,0
51 a 65 años,2018,25,3,0,0,0,0,0,0,0,0,1,0,0,0,0,0
51 a 65 años,2019,30,3,0,0,0,0,0,0,0,0,1,0,0,0,0,0
66 años en adelante,2004,1,4,0,0,0,0,0,0,0,0,1,0,0,0,0,0
66 años en adelante,2005,1,4,0,0,0,0,0,0,0,0,1,0,0,0,0,0
66 años en adelante,2009,1,4,0,0,0,0,0,0,0,0,1,0,0,0,0,0
66 años en adelante,2010,1,4,0,0,0,0,0,0,0,0,1,0,0,0,0,0
66 años en adelante,2011,2,4,0,0,0,0,0,0,0,0,1,0,0,0,0,0
66 años en adelante,2012,2,4,0,0,0,0,0,0,0,0,1,0,0,0,0,0
66 años en adelante,2013,1,4,0,0,0,0,0,0,0,0,1,0,0,0,0,0
66 años en adelante,2014,3,4,0,0,0,0,0,0,0,0,1,0,0,0,0,0
66 años en adelante,2015,4,4,0,0,0,0,0,0,0,0,1,0,0,0,0,0
66 años en adelante,2016,4,4,0,0,0,0,0,0,0,0,1,0,0,0,0,0
66 años en adelante,2018,8,4,0,0,0,0,0,0,0,0,1,0,0,0,0,0
66 años en adelante,2019,12,4,0,0,0,0,0,0,0,0,1,0,0,0,0,0
edad de medicion a 17 años,2015,59,0,0,0,0,0,0,0,0,0,0,1,0,0,0,0
edad de medicion a 17 años,2016,59,0,0,0,0,0,0,0,0,0,0,1,0,0,0,0
edad de medicion a 17 años,2017,64,0,0,0,0,0,0,0,0,0,0,1,0,0,0,0
edad de medicion a 17 años,2018,64,0,0,0,0,0,0,0,0,0,0,1,0,0,0,0
edad de medicion a 17 años,2019,70,0,0,0,0,0,0,0,0,0,0,1,0,0,0,0
edad de medicion a 17 años,2020,73,0,0,0,0,0,0,0,0,0,0,1,0,0,0,0
edad de medicion a 17 años,2021,77,0,0,0,0,0,0,0,0,0,0,1,0,0,0,0
edad de medicion a 17 años,2022,79,0,0,0,0,0,0,0,0,0,0,1,0,0,0,0
18 a 25 años de edad,2015,66,1,0,0,0,0,0,0,0,0,0,1,0,0,0,0
18 a 25 años de edad,2016,65,1,0,0,0,0,0,0,0,0,0,1,0,0,0,0
18 a 25 años de edad,2017,71,1,0,0,0,0,0,0,0,0,0,1,0,0,0,0
18 a 25 años de edad,2018,71,1,0,0,0,0,0,0,0,0,0,1,0,0,0,0
18 a 25 años de edad,2019,76,1,0,0,0,0,0,0,0,0,0,1,0,0,0,0
18 a 25 años de edad,2020,77,1,0,0,0,0,0,0,0,0,0,1,0,0,0,0
18 a 25 años de edad,2021,81,1,0,0,0,0,0,0,0,0,0,1,0,0,0,0
18 a 25 años de edad,2022,84,1,0,0,0,0,0,0,0,0,0,1,0,0,0,0
26 a 50 años de edad,2015,62,2,0,0,0,0,0,0,0,0,0,1,0,0,0,0
26 a 50 años de edad,2016,63,2,0,0,0,0,0,0,0,0,0,1,0,0,0,0
26 a 50 años de edad,2017,68,2,0,0,0,0,0,0,0,0,0,1,0,0,0,0
26 a 50 años de edad,2018,68,2,0,0,0,0,0,0,0,0,0,1,0,0,0,0
26 a 50 años de edad,2019,74,2,0,0,0,0,0,0,0,0,0,1,0,0,0,0
26 a 50 años de edad,2020,76,2,0,0,0,0,0,0,0,0,0,1,0,0,0,0
26 a 50 años de edad,2021,79,2,0,0,0,0,0,0,0,0,0,1,0,0,0,0
26 a 50 años de edad,2022,82,2,0,0,0,0,0,0,0,0,0,1,0,0,0,0
51 a 65 años,2015,47,3,0,0,0,0,0,0,0,0,0,1,0,0,0,0
51 a 65 años,2016,54,3,0,0,0,0,0,0,0,0,0,1,0,0,0,0
51 a 65 años,2017,58,3,0,0,0,0,0,0,0,0,0,1,0,0,0,0
51 a 65 años,2018,58,3,0,0,0,0,0,0,0,0,0,1,0,0,0,0
51 a 65 años,2019,67,3,0,0,0,0,0,0,0,0,0,1,0,0,0,0
51 a 65 años,2020,68,3,0,0,0,0,0,0,0,0,0,1,0,0,0,0
51 a 65 años,2021,72,3,0,0,0,0,0,0,0,0,0,1,0,0,0,0
51 a 65 años,2022,75,3,0,0,0,0,0,0,0,0,0,1,0,0,0,0
66 años en adelante,2015,29,4,0,0,0,0,0,0,0,0,0,1,0,0,0,0
66 años en adelante,2016,39,4,0,0,0,0,0,0,0,0,0,1,0,0,0,0
66 años en adelante,2017,41,4,0,0,0,0,0,0,0,0,0,1,0,0,0,0
66 años en adelante,2018,41,4,0,0,0,0,0,0,0,0,0,1,0,0,0,0
66 años en adelante,2019,48,4,0,0,0,0,0,0,0,0,0,1,0,0,0,0
66 años en adelante,2020,52,4,0,0,0,0,0,0,0,0,0,1,0,0,0,0
66 años en adelante,2021,55,4,0,0,0,0,0,0,0,0,0,1,0,0,0,0
66 años en adelante,2022,57,4,0,0,0,0,0,0,0,0,0,1,0,0,0,0
edad de medicion a 17 años,2014,64,0,0,0,0,0,0,0,0,0,0,0,1,0,0,0
edad de medicion a 17 años,2015,71,0,0,0,0,0,0,0,0,0,0,0,1,0,0,0
edad de medicion a 17 años,2016,69,0,0,0,0,0,0,0,0,0,0,0,1,0,0,0
edad de medicion a 17 años,2017,72,0,0,0,0,0,0,0,0,0,0,0,1,0,0,0
edad de medicion a 17 años,2018,70,0,0,0,0,0,0,0,0,0,0,0,1,0,0,0
edad de medicion a 17 años,2019,73,0,0,0,0,0,0,0,0,0,0,0,1,0,0,0
edad de medicion a 17 años,2022,81,0,0,0,0,0,0,0,0,0,0,0,1,0,0,0
18 a 25 años de edad,2014,61,1,0,0,0,0,0,0,0,0,0,0,1,0,0,0
18 a 25 años de edad,2015,69,1,0,0,0,0,0,0,0,0,0,0,1,0,0,0
18 a 25 años de edad,2016,72,1,0,0,0,0,0,0,0,0,0,0,1,0,0,0
18 a 25 años de edad,2017,79,1,0,0,0,0,0,0,0,0,0,0,1,0,0,0
18 a 25 años de edad,2018,79,1,0,0,0,0,0,0,0,0,0,0,1,0,0,0
18 a 25 años de edad,2019,80,1,0,0,0,0,0,0,0,0,0,0,1,0,0,0
18 a 25 años de edad,2022,89,1,0,0,0,0,0,0,0,0,0,0,1,0,0,0
26 a 50 años de edad,2014,46,2,0,0,0,0,0,0,0,0,0,0,1,0,0,0
26 a 50 años de edad,2015,54,2,0,0,0,0,0,0,0,0,0,0,1,0,0,0
26 a 50 años de edad,2016,59,2,0,0,0,0,0,0,0,0,0,0,1,0,0,0
26 a 50 años de edad,2017,68,2,0,0,0,0,0,0,0,0,0,0,1,0,0,0
26 a 50 años de edad,2018,70,2,0,0,0,0,0,0,0,0,0,0,1,0,0,0
26 a 50 años de edad,2019,72,2,0,0,0,0,0,0,0,0,0,0,1,0,0,0
26 a 50 años de edad,2022,84,2,0,0,0,0,0,0,0,0,0,0,1,0,0,0
51 a 65 años,2014,27,3,0,0,0,0,0,0,0,0,0,0,1,0,0,0
51 a 65 años,2015,31,3,0,0,0,0,0,0,0,0,0,0,1,0,0,0
51 a 65 años,2016,36,3,0,0,0,0,0,0,0,0,0,0,1,0,0,0
51 a 65 años,2017,41,3,0,0,0,0,0,0,0,0,0,0,1,0,0,0
51 a 65 años,2018,49,3,0,0,0,0,0,0,0,0,0,0,1,0,0,0
51 a 65 años,2019,51,3,0,0,0,0,0,0,0,0,0,0,1,0,0,0
51 a 65 años,2022,73,3,0,0,0,0,0,0,0,0,0,0,1,0,0,0
66 años en adelante,2014,8,4,0,0,0,0,0,0,0,0,0,0,1,0,0,0
66 años en adelante,2015,10,4,0,0,0,0,0,0,0,0,0,0,1,0,0,0
66 años en adelante,2016,11,4,0,0,0,0,0,0,0,0,0,0,1,0,0,0
66 años en adelante,2017,14,4,0,0,0,0,0,0,0,0,0,0,1,0,0,0
66 años en adelante,2018,18,4,0,0,0,0,0,0,0,0,0,0,1,0,0,0
66 años en adelante,2019,20,4,0,0,0,0,0,0,0,0,0,0,1,0,0,0
66 años en adelante,2022,39,4,0,0,0,0,0,0,0,0,0,0,1,0,0,0
edad de medicion a 17 años,2005,8,0,0,0,0,0,0,0,0,0,0,0,0,1,0,0
edad de medicion a 17 años,2006,8,0,0,0,0,0,0,0,0,0,0,0,0,1,0,0
edad de medicion a 17 años,2007,12,0,0,0,0,0,0,0,0,0,0,0,0,1,0,0
edad de medicion a 17 años,2008,17,0,0,0,0,0,0,0,0,0,0,0,0,1,0,0
edad de medicion a 17 años,2009,22,0,0,0,0,0,0,0,0,0,0,0,0,1,0,0
edad de medicion a 17 años,2010,24,0,0,0,0,0,0,0,0,0,0,0,0,1,0,0
edad de medicion a 17 años,2011,28,0,0,0,0,0,0,0,0,0,0,0,0,1,0,0
edad de medicion a 17 años,2012,34,0,0,0,0,0,0,0,0,0,0,0,0,1,0,0
edad de medicion a 17 años,2013,41,0,0,0,0,0,0,0,0,0,0,0,0,1,0,0
edad de medicion a 17 años,2015,46,0,0,0,0,0,0,0,0,0,0,0,0,1,0,0
edad de medicion a 17 años,2016,44,0,0,0,0,0,0,0,0,0,0,0,0,1,0,0
edad de medicion a 17 años,2017,50,0,0,0,0,0,0,0,0,0,0,0,0,1,0,0
edad de medicion a 17 años,2018,51,0,0,0,0,0,0,0,0,0,0,0,0,1,0,0
edad de medicion a 17 años,2019,55,0,0,0,0,0,0,0,0,0,0,0,0,1,0,0
edad de medicion a 17 años,2020,71,0,0,0,0,0,0,0,0,0,0,0,0,1,0,0
edad de medicion a 17 años,2021,70,0,0,0,0,0,0,0,0,0,0,0,0,1,0,0
edad de medicion a 17 años,2022,64,0,0,0,0,0,0,0,0,0,0,0,0,1,0,0
18 a 25 años de edad,2005,13,1,0,0,0,0,0,0,0,0,0,0,0,1,0,0
18 a 25 años de edad,2006,17,1,0,0,0,0,0,0,0,0,0,0,0,1,0,0
18 a 25 años de edad,2007,20,1,0,0,0,0,0,0,0,0,0,0,0,1,0,0
18 a 25 años de edad,2008,25,1,0,0,0,0,0,0,0,0,0,0,0,1,0,0
18 a 25 años de edad,2009,31,1,0,0,0,0,0,0,0,0,0,0,0,1,0,0
18 a 25 años de edad,2010,31,1,0,0,0,0,0,0,0,0,0,0,0,1,0,0
18 a 25 años de edad,2011,37,1,0,0,0,0,0,0,0,0,0,0,0,1,0,0
18 a 25 años de edad,2012,48,1,0,0,0,0,0,0,0,0,0,0,0,1,0,0
18 a 25 años de edad,2013,60,1,0,0,0,0,0,0,0,0,0,0,0,1,0,0
18 a 25 años de edad,2015,75,1,0,0,0,0,0,0,0,0,0,0,0,1,0,0
18 a 25 años de edad,2016,81,1,0,0,0,0,0,0,0,0,0,0,0,1,0,0
18 a 25 años de edad,2017,85,1,0,0,0,0,0,0,0,0,0,0,0,1,0,0
18 a 25 años de edad,2018,88,1,0,0,0,0,0,0,0,0,0,0,0,1,0,0
18 a 25 años de edad,2019,91,1,0,0,0,0,0,0,0,0,0,0,0,1,0,0
18 a 25 años de edad,2020,90,1,0,0,0,0,0,0,0,0,0,0,0,1,0,0
18 a 25 años de edad,2021,92,1,0,0,0,0,0,0,0,0,0,0,0,1,0,0
18 a 25 años de edad,2022,91,1,0,0,0,0,0,0,0,0,0,0,0,1,0,0
26 a 50 años de edad,2005,8,2,0,0,0,0,0,0,0,0,0,0,0,1,0,0
26 a 50 años de edad,2006,8,2,0,0,0,0,0,0,0,0,0,0,0,1,0,0
26 a 50 años de edad,2007,10,2,0,0,0,0,0,0,0,0,0,0,0,1,0,0
26 a 50 años de edad,2008,14,2,0,0,0,0,0,0,0,0,0,0,0,1,0,0
26 a 50 años de edad,2009,17,2,0,0,0,0,0,0,0,0,0,0,0,1,0,0
26 a 50 años de edad,2010,18,2,0,0,0,0,0,0,0,0,0,0,0,1,0,0
26 a 50 años de edad,2011,24,2,0,0,0,0,0,0,0,0,0,0,0,1,0,0
26 a 50 años de edad,2012,27,2,0,0,0,0,0,0,0,0,0,0,0,1,0,0
26 a 50 años de edad,2013,38,2,0,0,0,0,0,0,0,0,0,0,0,1,0,0
26 a 50 años de edad,2015,57,2,0,0,0,0,0,0,0,0,0,0,0,1,0,0
26 a 50 años de edad,2016,63,2,0,0,0,0,0,0,0,0,0,0,0,1,0,0
26 a 50 años de edad,2017,73,2,0,0,0,0,0,0,0,0,0,0,0,1,0,0
26 a 50 años de edad,2018,78,2,0,0,0,0,0,0,0,0,0,0,0,1,0,0
26 a 50 años de edad,2019,82,2,0,0,0,0,0,0,0,0,0,0,0,1,0,0
26 a 50 años de edad,2020,85,2,0,0,0,0,0,0,0,0,0,0,0,1,0,0
26 a 50 años de edad,2021,89,2,0,0,0,0,0,0,0,0,0,0,0,1,0,0
26 a 50 años de edad,2022,88,2,0,0,0,0,0,0,0,0,0,0,0,1,0,0
51 a 65 años,2005,2,3,0,0,0,0,0,0,0,0,0,0,0,1,0,0
51 a 65 años,2006,2,3,0,0,0,0,0,0,0,0,0,0,0,1,0,0
51 a 65 años,2007,5,3,0,0,0,0,0,0,0,0,0,0,0,1,0,0
51 a 65 años,2008,7,3,0,0,0,0,0,0,0,0,0,0,0,1,0,0
51 a 65 años,2009,8,3,0,0,0,0,0,0,0,0,0,0,0,1,0,0
51 a 65 años,2010,8,3,0,0,0,0,0,0,0,0,0,0,0,1,0,0
51 a 65 años,2011,10,3,0,0,0,0,0,0,0,0,0,0,0,1,0,0
51 a 65 años,2012,11,3,0,0,0,0,0,0,0,0,0,0,0,1,0,0
51 a 65 años,2013,12,3,0,0,0,0,0,0,0,0,0,0,0,1,0,0
51 a 65 años,2015,19,3,0,0,0,0,0,0,0,0,0,0,0,1,0,0
51 a 65 años,2016,26,3,0,0,0,0,0,0,0,0,0,0,0,1,0,0
51 a 65 años,2017,34,3,0,0,0,0,0,0,0,0,0,0,0,1,0,0
51 a 65 años,2018,42,3,0,0,0,0,0,0,0,0,0,0,0,1,0,0
51 a 65 años,2019,49,3,0,0,0,0,0,0,0,0,0,0,0,1,0,0
51 a 65 años,2020,55,3,0,0,0,0,0,0,0,0,0,0,0,1,0,0
51 a 65 años,2021,61,3,0,0,0,0,0,0,0,0,0,0,0,1,0,0
51 a 65 años,2022,64,3,0,0,0,0,0,0,0,0,0,0,0,1,0,0
66 años en adelante,2005,1,4,0,0,0,0,0,0,0,0,0,0,0,1,0,0
66 años en adelante,2006,1,4,0,0,0,0,0,0,0,0,0,0,0,1,0,0
66 años en adelante,2007,2,4,0,0,0,0,0,0,0,0,0,0,0,1,0,0
66 años en adelante,2008,1,4,0,0,0,0,0,0,0,0,0,0,0,1,0,0
66 años en adelante,2009,1,4,0,0,0,0,0,0,0,0,0,0,0,1,0,0
66 años en adelante,2010,2,4,0,0,0,0,0,0,0,0,0,0,0,1,0,0
66 años en adelante,2011,3,4,0,0,0,0,0,0,0,0,0,0,0,1,0,0
66 años en adelante,2012,3,4,0,0,0,0,0,0,0,0,0,0,0,1,0,0
66 años en adelante,2013,3,4,0,0,0,0,0,0,0,0,0,0,0,1,0,0
66 años en adelante,2015,4,4,0,0,0,0,0,0,0,0,0,0,0,1,0,0
66 años en adelante,2016,7,4,0,0,0,0,0,0,0,0,0,0,0,1,0,0
66 años en adelante,2017,11,4,0,0,0,0,0,0,0,0,0,0,0,1,0,0
66 años en adelante,2018,13,4,0,0,0,0,0,0,0,0,0,0,0,1,0,0
66 años en adelante,2019,13,4,0,0,0,0,0,0,0,0,0,0,0,1,0,0
66 años en adelante,2020,19,4,0,0,0,0,0,0,0,0,0,0,0,1,0,0
66 años en adelante,2021,25,4,0,0,0,0,0,0,0,0,0,0,0,1,0,0
66 años en adelante,2022,29,4,0,0,0,0,0,0,0,0,0,0,0,1,0,0
edad de medicion a 17 años,2007,38,0,0,0,0,0,0,0,0,0,0,0,0,0,1,0
edad de medicion a 17 años,2008,39,0,0,0,0,0,0,0,0,0,0,0,0,0,1,0
edad de medicion a 17 años,2009,42,0,0,0,0,0,0,0,0,0,0,0,0,0,1,0
edad de medicion a 17 años,2010,43,0,0,0,0,0,0,0,0,0,0,0,0,0,1,0
edad de medicion a 17 años,2011,45,0,0,0,0,0,0,0,0,0,0,0,0,0,1,0
edad de medicion a 17 años,2012,46,0,0,0,0,0,0,0,0,0,0,0,0,0,1,0
edad de medicion a 17 años,2013,47,0,0,0,0,0,0,0,0,0,0,0,0,0,1,0
edad de medicion a 17 años,2014,47,0,0,0,0,0,0,0,0,0,0,0,0,0,1,0
edad de medicion a 17 años,2015,47,0,0,0,0,0,0,0,0,0,0,0,0,0,1,0
edad de medicion a 17 años,2016,50,0,0,0,0,0,0,0,0,0,0,0,0,0,1,0
edad de medicion a 17 años,2017,51,0,0,0,0,0,0,0,0,0,0,0,0,0,1,0
edad de medicion a 17 años,2018,52,0,0,0,0,0,0,0,0,0,0,0,0,0,1,0
edad de medicion a 17 años,2019,55,0,0,0,0,0,0,0,0,0,0,0,0,0,1,0
edad de medicion a 17 años,2020,68,0,0,0,0,0,0,0,0,0,0,0,0,0,1,0
edad de medicion a 17 años,2021,81,0,0,0,0,0,0,0,0,0,0,0,0,0,1,0
edad de medicion a 17 años,2022,72,0,0,0,0,0,0,0,0,0,0,0,0,0,1,0
18 a 25 años de edad,2007,55,1,0,0,0,0,0,0,0,0,0,0,0,0,1,0
18 a 25 años de edad,2008,55,1,0,0,0,0,0,0,0,0,0,0,0,0,1,0
18 a 25 años de edad,2009,58,1,0,0,0,0,0,0,0,0,0,0,0,0,1,0
18 a 25 años de edad,2010,58,1,0,0,0,0,0,0,0,0,0,0,0,0,1,0
18 a 25 años de edad,2011,60,1,0,0,0,0,0,0,0,0,0,0,0,0,1,0
18 a 25 años de edad,2012,64,1,0,0,0,0,0,0,0,0,0,0,0,0,1,0
18 a 25 años de edad,2013,66,1,0,0,0,0,0,0,0,0,0,0,0,0,1,0
18 a 25 años de edad,2014,68,1,0,0,0,0,0,0,0,0,0,0,0,0,1,0
18 a 25 años de edad,2015,69,1,0,0,0,0,0,0,0,0,0,0,0,0,1,0
18 a 25 años de edad,2016,75,1,0,0,0,0,0,0,0,0,0,0,0,0,1,0
18 a 25 años de edad,2017,79,1,0,0,0,0,0,0,0,0,0,0,0,0,1,0
18 a 25 años de edad,2018,82,1,0,0,0,0,0,0,0,0,0,0,0,0,1,0
18 a 25 años de edad,2019,86,1,0,0,0,0,0,0,0,0,0,0,0,0,1,0
18 a 25 años de edad,2020,87,1,0,0,0,0,0,0,0,0,0,0,0,0,1,0
18 a 25 años de edad,2021,91,1,0,0,0,0,0,0,0,0,0,0,0,0,1,0
18 a 25 años de edad,2022,93,1,0,0,0,0,0,0,0,0,0,0,0,0,1,0
26 a 50 años de edad,2007,26,2,0,0,0,0,0,0,0,0,0,0,0,0,1,0
26 a 50 años de edad,2008,26,2,0,0,0,0,0,0,0,0,0,0,0,0,1,0
26 a 50 años de edad,2009,29,2,0,0,0,0,0,0,0,0,0,0,0,0,1,0
26 a 50 años de edad,2010,29,2,0,0,0,0,0,0,0,0,0,0,0,0,1,0
26 a 50 años de edad,2011,31,2,0,0,0,0,0,0,0,0,0,0,0,0,1,0
26 a 50 años de edad,2012,33,2,0,0,0,0,0,0,0,0,0,0,0,0,1,0
26 a 50 años de edad,2013,35,2,0,0,0,0,0,0,0,0,0,0,0,0,1,0
26 a 50 años de edad,2014,37,2,0,0,0,0,0,0,0,0,0,0,0,0,1,0
26 a 50 años de edad,2015,38,2,0,0,0,0,0,0,0,0,0,0,0,0,1,0
26 a 50 años de edad,2016,45,2,0,0,0,0,0,0,0,0,0,0,0,0,1,0
26 a 50 años de edad,2017,50,2,0,0,0,0,0,0,0,0,0,0,0,0,1,0
26 a 50 años de edad,2018,57,2,0,0,0,0,0,0,0,0,0,0,0,0,1,0
26 a 50 años de edad,2019,63,2,0,0,0,0,0,0,0,0,0,0,0,0,1,0
26 a 50 años de edad,2020,69,2,0,0,0,0,0,0,0,0,0,0,0,0,1,0
26 a 50 años de edad,2021,76,2,0,0,0,0,0,0,0,0,0,0,0,0,1,0
26 a 50 años de edad,2022,80,2,0,0,0,0,0,0,0,0,0,0,0,0,1,0
51 a 65 años,2007,11,3,0,0,0,0,0,0,0,0,0,0,0,0,1,0
51 a 65 años,2008,11,3,0,0,0,0,0,0,0,0,0,0,0,0,1,0
51 a 65 años,2009,13,3,0,0,0,0,0,0,0,0,0,0,0,0,1,0
51 a 65 años,2010,14,3,0,0,0,0,0,0,0,0,0,0,0,0,1,0
51 a 65 años,2011,15,3,0,0,0,0,0,0,0,0,0,0,0,0,1,0
51 a 65 años,2012,18,3,0,0,0,0,0,0,0,0,0,0,0,0,1,0
51 a 65 años,2013,17,3,0,0,0,0,0,0,0,0,0,0,0,0,1,0
51 a 65 años,2014,18,3,0,0,0,0,0,0,0,0,0,0,0,0,1,0
51 a 65 años,2015,20,3,0,0,0,0,0,0,0,0,0,0,0,0,1,0
51 a 65 años,2016,23,3,0,0,0,0,0,0,0,0,0,0,0,0,1,0
51 a 65 años,2017,26,3,0,0,0,0,0,0,0,0,0,0,0,0,1,0
51 a 65 años,2018,31,3,0,0,0,0,0,0,0,0,0,0,0,0,1,0
51 a 65 años,2019,36,3,0,0,0,0,0,0,0,0,0,0,0,0,1,0
51 a 65 años,2020,42,3,0,0,0,0,0,0,0,0,0,0,0,0,1,0
51 a 65 años,2021,48,3,0,0,0,0,0,0,0,0,0,0,0,0,1,0
51 a 65 años,2022,54,3,0,0,0,0,0,0,0,0,0,0,0,0,1,0
66 años en adelante,2007,2,4,0,0,0,0,0,0,0,0,0,0,0,0,1,0
66 años en adelante,2008,3,4,0,0,0,0,0,0,0,0,0,0,0,0,1,0
66 años en adelante,2009,3,4,0,0,0,0,0,0,0,0,0,0,0,0,1,0
66 años en adelante,2010,3,4,0,0,0,0,0,0,0,0,0,0,0,0,1,0
66 años en adelante,2011,4,4,0,0,0,0,0,0,0,0,0,0,0,0,1,0
66 años en adelante,2012,4,4,0,0,0,0,0,0,0,0,0,0,0,0,1,0
66 años en adelante,2013,5,4,0,0,0,0,0,0,0,0,0,0,0,0,1,0
66 años en adelante,2014,5,4,0,0,0,0,0,0,0,0,0,0,0,0,1,0
66 años en adelante,2015,6,4,0,0,0,0,0,0,0,0,0,0,0,0,1,0
66 años en adelante,2016,7,4,0,0,0,0,0,0,0,0,0,0,0,0,1,0
66 años en adelante,2017,8,4,0,0,0,0,0,0,0,0,0,0,0,0,1,0
66 años en adelante,2018,10,4,0,0,0,0,0,0,0,0,0,0,0,0,1,0
66 años en adelante,2019,13,4,0,0,0,0,0,0,0,0,0,0,0,0,1,0
66 años en adelante,2020,18,4,0,0,0,0,0,0,0,0,0,0,0,0,1,0
66 años en adelante,2021,20,4,0,0,0,0,0,0,0,0,0,0,0,0,1,0
66 años en adelante,2022,23,4,0,0,0,0,0,0,0,0,0,0,0,0,1,0
edad de medicion a 17 años,2008,51,0,0,0,0,0,0,0,0,0,0,0,0,0,0,1
edad de medicion a 17 años,2009,68,0,0,0,0,0,0,0,0,0,0,0,0,0,0,1
edad de medicion a 17 años,2010,78,0,0,0,0,0,0,0,0,0,0,0,0,0,0,1
edad de medicion a 17 años,2011,79,0,0,0,0,0,0,0,0,0,0,0,0,0,0,1
edad de medicion a 17 años,2012,81,0,0,0,0,0,0,0,0,0,0,0,0,0,0,1
edad de medicion a 17 años,2013,84,0,0,0,0,0,0,0,0,0,0,0,0,0,0,1
edad de medicion a 17 años,2014,84,0,0,0,0,0,0,0,0,0,0,0,0,0,0,1
edad de medicion a 17 años,2015,85,0,0,0,0,0,0,0,0,0,0,0,0,0,0,1
edad de medicion a 17 años,2016,89,0,0,0,0,0,0,0,0,0,0,0,0,0,0,1
edad de medicion a 17 años,2017,90,0,0,0,0,0,0,0,0,0,0,0,0,0,0,1
edad de medicion a 17 años,2018,90,0,0,0,0,0,0,0,0,0,0,0,0,0,0,1
edad de medicion a 17 años,2019,91,0,0,0,0,0,0,0,0,0,0,0,0,0,0,1
18 a 25 años de edad,2008,60,1,0,0,0,0,0,0,0,0,0,0,0,0,0,1
18 a 25 años de edad,2009,60,1,0,0,0,0,0,0,0,0,0,0,0,0,0,1
18 a 25 años de edad,2010,66,1,0,0,0,0,0,0,0,0,0,0,0,0,0,1
18 a 25 años de edad,2011,71,1,0,0,0,0,0,0,0,0,0,0,0,0,0,1
18 a 25 años de edad,2012,74,1,0,0,0,0,0,0,0,0,0,0,0,0,0,1
18 a 25 años de edad,2013,77,1,0,0,0,0,0,0,0,0,0,0,0,0,0,1
18 a 25 años de edad,2014,80,1,0,0,0,0,0,0,0,0,0,0,0,0,0,1
18 a 25 años de edad,2015,84,1,0,0,0,0,0,0,0,0,0,0,0,0,0,1
18 a 25 años de edad,2016,90,1,0,0,0,0,0,0,0,0,0,0,0,0,0,1
18 a 25 años de edad,2017,92,1,0,0,0,0,0,0,0,0,0,0,0,0,0,1
18 a 25 años de edad,2018,95,1,0,0,0,0,0,0,0,0,0,0,0,0,0,1
18 a 25 años de edad,2019,95,1,0,0,0,0,0,0,0,0,0,0,0,0,0,1
26 a 50 años de edad,2008,38,2,0,0,0,0,0,0,0,0,0,0,0,0,0,1
26 a 50 años de edad,2009,43,2,0,0,0,0,0,0,0,0,0,0,0,0,0,1
26 a 50 años de edad,2010,49,2,0,0,0,0,0,0,0,0,0,0,0,0,0,1
26 a 50 años de edad,2011,55,2,0,0,0,0,0,0,0,0,0,0,0,0,0,1
26 a 50 años de edad,2012,59,2,0,0,0,0,0,0,0,0,0,0,0,0,0,1
26 a 50 años de edad,2013,62,2,0,0,0,0,0,0,0,0,0,0,0,0,0,1
26 a 50 años de edad,2014,68,2,0,0,0,0,0,0,0,0,0,0,0,0,0,1
26 a 50 años de edad,2015,73,2,0,0,0,0,0,0,0,0,0,0,0,0,0,1
26 a 50 años de edad,2016,81,2,0,0,0,0,0,0,0,0,0,0,0,0,0,1
26 a 50 años de edad,2017,87,2,0,0,0,0,0,0,0,0,0,0,0,0,0,1
26 a 50 años de edad,2018,91,2,0,0,0,0,0,0,0,0,0,0,0,0,0,1
26 a 50 años de edad,2019,93,2,0,0,0,0,0,0,0,0,0,0,0,0,0,1
51 a 65 años,2008,21,3,0,0,0,0,0,0,0,0,0,0,0,0,0,1
51 a 65 años,2009,24,3,0,0,0,0,0,0,0,0,0,0,0,0,0,1
51 a 65 años,2010,28,3,0,0,0,0,0,0,0,0,0,0,0,0,0,1
51 a 65 años,2011,33,3,0,0,0,0,0,0,0,0,0,0,0,0,0,1
51 a 65 años,2012,35,3,0,0,0,0,0,0,0,0,0,0,0,0,0,1
51 a 65 años,2013,40,3,0,0,0,0,0,0,0,0,0,0,0,0,0,1
51 a 65 años,2014,46,3,0,0,0,0,0,0,0,0,0,0,0,0,0,1
51 a 65 años,2015,49,3,0,0,0,0,0,0,0,0,0,0,0,0,0,1
51 a 65 años,2016,58,3,0,0,0,0,0,0,0,0,0,0,0,0,0,1
51 a 65 años,2017,66,3,0,0,0,0,0,0,0,0,0,0,0,0,0,1
51 a 65 años,2018,73,3,0,0,0,0,0,0,0,0,0,0,0,0,0,1
51 a 65 años,2019,79,3,0,0,0,0,0,0,0,0,0,0,0,0,0,1
66 años en adelante,2008,5,4,0,0,0,0,0,0,0,0,0,0,0,0,0,1
66 años en adelante,2009,6,4,0,0,0,0,0,0,0,0,0,0,0,0,0,1
66 años en adelante,2010,8,4,0,0,0,0,0,0,0,0,0,0,0,0,0,1
66 años en adelante,2011,9,4,0,0,0,0,0,0,0,0,0,0,0,0,0,1
66 años en adelante,2012,11,4,0,0,0,0,0,0,0,0,0,0,0,0,0,1
66 años en adelante,2013,13,4,0,0,0,0,0,0,0,0,0,0,0,0,0,1
66 años en adelante,2014,16,4,0,0,0,0,0,0,0,0,0,0,0,0,0,1
66 años en adelante,2015,18,4,0,0,0,0,0,0,0,0,0,0,0,0,0,1
66 años en adelante,2016,26,4,0,0,0,0,0,0,0,0,0,0,0,0,0,1
66 años en adelante,2017,33,4,0,0,0,0,0,0,0,0,0,0,0,0,0,1
66 años en adelante,2018,39,4,0,0,0,0,0,0,0,0,0,0,0,0,0,1
66 años en adelante,2019,44,4,0,0,0,0,0,0,0,0,0,0,0,0,0,1
